uid,user_raw
0,100004
1,100009
2,100053
3,100088
4,100115
5,100223
6,100227
7,100264
8,10030
9,100361
10,100393
11,100454
12,100459
13,100471
14,100578
15,100594
16,100610
17,100644
18,100648
19,100694
20,100782
21,100815
22,100846
23,100903
24,100906
25,100984
26,101035
27,101041
28,101081
29,101091
30,101141
31,101150
32,10118
33,101196
34,101209
35,101214
36,101304
37,101305
38,101422
39,101513
40,101517
41,101606
42,101620
43,101696
44,101731
45,101851
46,101874
47,101876
48,101882
49,101887
50,10199
51,102032
52,102117
53,102129
54,102130
55,102154
56,102189
57,102220
58,102275
59,102359
60,102375
61,10241
62,102430
63,1025
64,102564
65,102581
66,102642
67,102647
68,102668
69,102676
70,102702
71,102705
72,102772
73,102945
74,102967
75,10314
76,10315
77,103277
78,103304
79,103315
80,103336
81,103445
82,103467
83,103496
84,10354
85,103577
86,103656
87,103811
88,103935
89,104051
90,104058
91,104098
92,104113
93,104123
94,104144
95,104211
96,104243
97,104268
98,104278
99,104311
100,104334
101,104362
102,104399
103,104413
104,104429
105,104437
106,104447
107,10447
108,104505
109,104550
110,104569
111,104604
112,104636
113,104657
114,104665
115,104705
116,104759
117,104796
118,104812
119,104880
120,104883
121,104925
122,105028
123,105054
124,105058
125,105101
126,105108
127,105115
128,105160
129,105214
130,105221
131,105317
132,10532
133,105335
134,105374
135,105476
136,105517
137,105536
138,105572
139,105576
140,10560
141,105627
142,105937
143,105968
144,105979
145,106007
146,106059
147,10607
148,106078
149,106114
150,106131
151,106208
152,106225
153,106280
154,106282
155,106294
156,106302
157,106331
158,106369
159,106388
160,106406
161,106553
162,10668
163,106768
164,106816
165,106845
166,106846
167,106849
168,106862
169,106946
170,106950
171,10699
172,107021
173,107099
174,107244
175,107258
176,107288
177,107301
178,107324
179,107326
180,107453
181,1075
182,107510
183,107523
184,107784
185,107865
186,107889
187,107921
188,107951
189,108005
190,108104
191,108130
192,108143
193,108155
194,108158
195,10819
196,108197
197,108213
198,108243
199,108261
200,108267
201,108285
202,108336
203,108352
204,108392
205,108405
206,108480
207,108481
208,108485
209,108535
210,108563
211,108622
212,108700
213,108752
214,108753
215,108763
216,108773
217,108799
218,108827
219,108950
220,109013
221,109014
222,109084
223,109107
224,109122
225,109135
226,109276
227,109287
228,109349
229,109357
230,109363
231,109388
232,109427
233,10946
234,109461
235,10949
236,109491
237,109502
238,109516
239,109519
240,109562
241,109574
242,109605
243,109741
244,109779
245,109864
246,109899
247,109901
248,109921
249,109955
250,110029
251,110040
252,110076
253,110110
254,110112
255,110160
256,110165
257,110208
258,110214
259,110308
260,110317
261,110361
262,110373
263,110382
264,110440
265,110483
266,110493
267,110558
268,110661
269,11070
270,110700
271,110746
272,110887
273,110912
274,110934
275,110973
276,111133
277,111166
278,111174
279,111190
280,11120
281,111241
282,111261
283,111286
284,111438
285,111578
286,1116
287,111634
288,111637
289,111733
290,111816
291,111847
292,111888
293,111924
294,111938
295,111944
296,111947
297,112001
298,112026
299,112083
300,112088
301,112093
302,112109
303,112173
304,112199
305,11224
306,112240
307,112298
308,112401
309,112402
310,112408
311,112437
312,11245
313,112502
314,112507
315,112512
316,112541
317,112544
318,112559
319,112590
320,112598
321,112672
322,112761
323,112765
324,112818
325,112845
326,112881
327,112914
328,112953
329,113030
330,1131
331,113259
332,113270
333,113279
334,113328
335,113334
336,113364
337,113435
338,113519
339,113531
340,113602
341,11362
342,113624
343,113657
344,113661
345,113663
346,113752
347,113804
348,113817
349,113904
350,113944
351,113955
352,113966
353,113983
354,114
355,11400
356,114007
357,114075
358,114085
359,114089
360,114178
361,114200
362,114216
363,114217
364,114258
365,114265
366,114279
367,114306
368,114368
369,114378
370,114414
371,114444
372,114446
373,114452
374,114483
375,114498
376,114544
377,114581
378,114634
379,114643
380,114662
381,114742
382,114813
383,114868
384,114893
385,114988
386,115002
387,115003
388,115097
389,115120
390,115150
391,115224
392,11529
393,11532
394,115435
395,115490
396,1155
397,115503
398,115537
399,115552
400,115572
401,115679
402,115682
403,115692
404,115700
405,115759
406,115833
407,115907
408,115929
409,115953
410,115956
411,115963
412,115971
413,115997
414,115998
415,116005
416,11601
417,116090
418,116122
419,116123
420,116183
421,11621
422,116249
423,11629
424,116301
425,116313
426,11638
427,116395
428,116428
429,116433
430,116521
431,116537
432,116549
433,11657
434,116582
435,116599
436,1167
437,116758
438,11676
439,116816
440,116866
441,11687
442,116897
443,116904
444,116931
445,11708
446,117092
447,117111
448,117115
449,117132
450,11718
451,11724
452,117251
453,117255
454,117256
455,117318
456,117384
457,117396
458,117489
459,117539
460,117553
461,117577
462,117594
463,117700
464,117738
465,117873
466,11788
467,117925
468,117963
469,118101
470,118135
471,118228
472,118275
473,11832
474,118320
475,118344
476,118414
477,118484
478,118489
479,118528
480,118533
481,118628
482,118654
483,118659
484,118677
485,118871
486,118881
487,118955
488,11916
489,119248
490,119326
491,119364
492,119418
493,11944
494,119446
495,119505
496,119517
497,119575
498,119590
499,119594
500,119631
501,119654
502,119671
503,119725
504,119806
505,119858
506,11993
507,119963
508,120030
509,120082
510,120093
511,120137
512,120155
513,120178
514,120181
515,120332
516,120333
517,120396
518,120548
519,120565
520,120598
521,120610
522,120696
523,120735
524,120807
525,120828
526,120829
527,120860
528,120873
529,120908
530,120985
531,12100
532,121083
533,121093
534,121135
535,121166
536,121167
537,121170
538,12123
539,121251
540,121264
541,121405
542,12154
543,121547
544,121592
545,121594
546,121606
547,121620
548,121817
549,12194
550,121941
551,121986
552,12202
553,122045
554,122096
555,122386
556,122418
557,122429
558,122440
559,122506
560,122542
561,122643
562,122671
563,122716
564,12272
565,122782
566,122784
567,122793
568,122801
569,122802
570,122867
571,122883
572,122958
573,123056
574,123066
575,123094
576,123095
577,123115
578,123143
579,123154
580,12316
581,123160
582,123203
583,123215
584,123228
585,123238
586,123257
587,123298
588,123430
589,123460
590,123468
591,12348
592,123510
593,123515
594,123543
595,123544
596,123608
597,123625
598,123649
599,123676
600,123724
601,123732
602,123744
603,123790
604,123801
605,123825
606,123867
607,123883
608,123981
609,123988
610,124048
611,124066
612,124078
613,124079
614,124175
615,124200
616,124207
617,124259
618,124298
619,124310
620,124322
621,124363
622,124474
623,124487
624,124488
625,124597
626,124720
627,124732
628,124747
629,124769
630,1248
631,124852
632,124874
633,124876
634,124888
635,124915
636,124942
637,124983
638,124989
639,124993
640,125031
641,125039
642,125060
643,125063
644,125133
645,12515
646,125171
647,125203
648,125216
649,125217
650,125287
651,12537
652,12538
653,125396
654,125411
655,125514
656,125519
657,125538
658,12569
659,125692
660,125701
661,125736
662,125774
663,125779
664,125808
665,125878
666,125892
667,125928
668,126053
669,126072
670,126149
671,12619
672,126196
673,126232
674,126240
675,126296
676,126298
677,126388
678,126395
679,126487
680,126492
681,126585
682,126604
683,126693
684,126697
685,126726
686,126736
687,126803
688,126810
689,126812
690,126814
691,126860
692,126903
693,12698
694,126985
695,12702
696,127024
697,127049
698,12707
699,127122
700,127129
701,127131
702,127147
703,127168
704,127171
705,127190
706,127200
707,127203
708,127233
709,127359
710,127384
711,127389
712,127404
713,127417
714,127432
715,127438
716,127481
717,127564
718,127621
719,127648
720,127782
721,127826
722,12784
723,127893
724,127914
725,127970
726,128014
727,128033
728,128040
729,128045
730,128060
731,128085
732,12811
733,128119
734,128122
735,128208
736,128214
737,12824
738,128257
739,128276
740,128286
741,128325
742,128331
743,128332
744,128406
745,128434
746,128622
747,12863
748,128669
749,128693
750,128696
751,128732
752,128835
753,128915
754,129008
755,129074
756,129084
757,12917
758,129338
759,129358
760,129368
761,129373
762,129389
763,129393
764,129399
765,129465
766,129474
767,129489
768,129503
769,129505
770,129690
771,129716
772,12982
773,129851
774,129883
775,130132
776,130166
777,130168
778,130258
779,130438
780,130474
781,130482
782,130502
783,130543
784,130554
785,130570
786,130571
787,130581
788,130636
789,130658
790,130705
791,130784
792,130792
793,13080
794,13082
795,130837
796,130847
797,130866
798,13093
799,13094
800,130950
801,130961
802,130978
803,131027
804,131032
805,131046
806,131099
807,131126
808,131154
809,131182
810,131202
811,131238
812,13126
813,131317
814,131363
815,131402
816,131437
817,131510
818,131594
819,131597
820,131622
821,131655
822,131657
823,131686
824,131837
825,131855
826,131974
827,132007
828,132083
829,132171
830,132173
831,132188
832,132199
833,132203
834,13221
835,132282
836,132290
837,132375
838,132382
839,132392
840,132572
841,132616
842,132624
843,132663
844,132684
845,132716
846,13273
847,132786
848,13279
849,132836
850,132851
851,132901
852,132909
853,132930
854,132981
855,133041
856,133166
857,133258
858,133284
859,133296
860,13331
861,133416
862,133418
863,133557
864,133571
865,133682
866,133689
867,133706
868,133738
869,133747
870,133905
871,133935
872,133957
873,134005
874,134029
875,134118
876,134120
877,134225
878,134247
879,134264
880,134311
881,134347
882,134403
883,134434
884,134483
885,134508
886,134556
887,134630
888,134684
889,134694
890,134761
891,134784
892,134797
893,134837
894,134863
895,134900
896,135043
897,135045
898,135141
899,135149
900,13518
901,135228
902,135265
903,135329
904,135351
905,135360
906,135376
907,135398
908,135411
909,135458
910,135460
911,13551
912,13552
913,135609
914,135653
915,135665
916,135673
917,135681
918,135703
919,135736
920,135753
921,135768
922,135776
923,135799
924,13582
925,135831
926,135869
927,135873
928,135895
929,135965
930,135975
931,135996
932,13600
933,136010
934,136011
935,13604
936,136071
937,136104
938,136136
939,136137
940,136139
941,136193
942,136205
943,136237
944,136240
945,136252
946,136255
947,136291
948,136313
949,136326
950,136348
951,136350
952,136382
953,136396
954,136465
955,136491
956,136561
957,13664
958,13666
959,136735
960,136747
961,136829
962,136916
963,136943
964,137118
965,137134
966,137137
967,137143
968,137190
969,137211
970,137222
971,13733
972,137336
973,137434
974,137587
975,137588
976,137589
977,137620
978,137627
979,137684
980,137688
981,137742
982,137803
983,137816
984,138010
985,138018
986,138045
987,138097
988,138100
989,138124
990,138138
991,138176
992,138189
993,138193
994,138198
995,138202
996,138239
997,138307
998,138330
999,138379
1000,138382
1001,138425
1002,138441
1003,13850
1004,138515
1005,138525
1006,138529
1007,138543
1008,138578
1009,138602
1010,138647
1011,138674
1012,138777
1013,138813
1014,138826
1015,138844
1016,138849
1017,138867
1018,138906
1019,138954
1020,138995
1021,139070
1022,139126
1023,139141
1024,139206
1025,139243
1026,139287
1027,139359
1028,139376
1029,139387
1030,139421
1031,139467
1032,139548
1033,139586
1034,139607
1035,139706
1036,13973
1037,139742
1038,139827
1039,139828
1040,139913
1041,139934
1042,13995
1043,140000
1044,140005
1045,140036
1046,140069
1047,140167
1048,140196
1049,140223
1050,140255
1051,140294
1052,140340
1053,140358
1054,140410
1055,140451
1056,14049
1057,140555
1058,140662
1059,140763
1060,14079
1061,140879
1062,140894
1063,1409
1064,141010
1065,141047
1066,141065
1067,141070
1068,141089
1069,141109
1070,141127
1071,141157
1072,1412
1073,141201
1074,141309
1075,141310
1076,141444
1077,141491
1078,141493
1079,141511
1080,141600
1081,141710
1082,141719
1083,14180
1084,141805
1085,141819
1086,141871
1087,141888
1088,141901
1089,141902
1090,141958
1091,142005
1092,142017
1093,142062
1094,142121
1095,142134
1096,142143
1097,142212
1098,142253
1099,142256
1100,142398
1101,1424
1102,142442
1103,142479
1104,142524
1105,142565
1106,142579
1107,142584
1108,142600
1109,142623
1110,142661
1111,142671
1112,142672
1113,142680
1114,14271
1115,142715
1116,142745
1117,142766
1118,142801
1119,142817
1120,142823
1121,142861
1122,143009
1123,143011
1124,143134
1125,143163
1126,143175
1127,143211
1128,143253
1129,143294
1130,143302
1131,143388
1132,143415
1133,143427
1134,143497
1135,1435
1136,143685
1137,143715
1138,14374
1139,143743
1140,143792
1141,143809
1142,143837
1143,14387
1144,143909
1145,14393
1146,143939
1147,143964
1148,143965
1149,143968
1150,144017
1151,144038
1152,144062
1153,144151
1154,144194
1155,14422
1156,144223
1157,144229
1158,144241
1159,144255
1160,144315
1161,144318
1162,144455
1163,144478
1164,144516
1165,144531
1166,144555
1167,14456
1168,14461
1169,144619
1170,144667
1171,144707
1172,144727
1173,144799
1174,144828
1175,144899
1176,144910
1177,144925
1178,144953
1179,144997
1180,145003
1181,145109
1182,145165
1183,14521
1184,145369
1185,145449
1186,145451
1187,145543
1188,145614
1189,145619
1190,145641
1191,145644
1192,145737
1193,145861
1194,145887
1195,146057
1196,146078
1197,146083
1198,146113
1199,146175
1200,146207
1201,146230
1202,146266
1203,146298
1204,146345
1205,146348
1206,14638
1207,146386
1208,146421
1209,146530
1210,146564
1211,146573
1212,146641
1213,14667
1214,146699
1215,146778
1216,146803
1217,14683
1218,146855
1219,146874
1220,146932
1221,14698
1222,147045
1223,147141
1224,147224
1225,147307
1226,147404
1227,147420
1228,14744
1229,147451
1230,147528
1231,147676
1232,147678
1233,14768
1234,147686
1235,147752
1236,147803
1237,147839
1238,147847
1239,147851
1240,147900
1241,147947
1242,147965
1243,148028
1244,148030
1245,148121
1246,148124
1247,148142
1248,148191
1249,148199
1250,148239
1251,148258
1252,148263
1253,148314
1254,148344
1255,148586
1256,148590
1257,148632
1258,148662
1259,148712
1260,148744
1261,148798
1262,148804
1263,148863
1264,148898
1265,148929
1266,148934
1267,148962
1268,149069
1269,149071
1270,149084
1271,149120
1272,149140
1273,149204
1274,149231
1275,149259
1276,149483
1277,149661
1278,149690
1279,149843
1280,149907
1281,149908
1282,149934
1283,150000
1284,150067
1285,150124
1286,15021
1287,150327
1288,15046
1289,15049
1290,150498
1291,150554
1292,150561
1293,150587
1294,150657
1295,150661
1296,150663
1297,150762
1298,150890
1299,150896
1300,150932
1301,150966
1302,150968
1303,150979
1304,151002
1305,151043
1306,151098
1307,151101
1308,151104
1309,151107
1310,151122
1311,151139
1312,151143
1313,151262
1314,151263
1315,15135
1316,151370
1317,15144
1318,151479
1319,151483
1320,151503
1321,151537
1322,151589
1323,151608
1324,151643
1325,151653
1326,151738
1327,151780
1328,151790
1329,151824
1330,151846
1331,15185
1332,151991
1333,152016
1334,152036
1335,152082
1336,152099
1337,152136
1338,152186
1339,152309
1340,152345
1341,152354
1342,152409
1343,152428
1344,152435
1345,152468
1346,152483
1347,152514
1348,152579
1349,152605
1350,152645
1351,152651
1352,152696
1353,152742
1354,152770
1355,152942
1356,152946
1357,153042
1358,153054
1359,153091
1360,153174
1361,153211
1362,153283
1363,153322
1364,153342
1365,153361
1366,153513
1367,153653
1368,153662
1369,153718
1370,153719
1371,153723
1372,153797
1373,153865
1374,153950
1375,154021
1376,154070
1377,15408
1378,154126
1379,154137
1380,154176
1381,15418
1382,154182
1383,154269
1384,154330
1385,154345
1386,154346
1387,154354
1388,154469
1389,154487
1390,154529
1391,154543
1392,154553
1393,154627
1394,154675
1395,154730
1396,154773
1397,154781
1398,154791
1399,1548
1400,154811
1401,154844
1402,154944
1403,15497
1404,154975
1405,154992
1406,155000
1407,155014
1408,155141
1409,155147
1410,155219
1411,155306
1412,155343
1413,155376
1414,155444
1415,155495
1416,155580
1417,155680
1418,155743
1419,155771
1420,155778
1421,155807
1422,155810
1423,155913
1424,155989
1425,15602
1426,156150
1427,156163
1428,156214
1429,156269
1430,156300
1431,156342
1432,156467
1433,156483
1434,15651
1435,156510
1436,15654
1437,156584
1438,15670
1439,156706
1440,156837
1441,157083
1442,157127
1443,157163
1444,157187
1445,157247
1446,157252
1447,157273
1448,157281
1449,157380
1450,157543
1451,157625
1452,157655
1453,157660
1454,157799
1455,157811
1456,158033
1457,158034
1458,158043
1459,158103
1460,158104
1461,15819
1462,158226
1463,158254
1464,158295
1465,15834
1466,158361
1467,158385
1468,158433
1469,15845
1470,1585
1471,158506
1472,158606
1473,158714
1474,158774
1475,158846
1476,158984
1477,159033
1478,159044
1479,159137
1480,15945
1481,159506
1482,15957
1483,159647
1484,159720
1485,159732
1486,159754
1487,159817
1488,159822
1489,159834
1490,159854
1491,159858
1492,159860
1493,159868
1494,159946
1495,159977
1496,16009
1497,16010
1498,160154
1499,160180
1500,160200
1501,160231
1502,160295
1503,160334
1504,160344
1505,16036
1506,160378
1507,160381
1508,160393
1509,160401
1510,160434
1511,16046
1512,160541
1513,160548
1514,160558
1515,160571
1516,160574
1517,160681
1518,160735
1519,160746
1520,160803
1521,160819
1522,160878
1523,160881
1524,160994
1525,161037
1526,161039
1527,161041
1528,16106
1529,161200
1530,16121
1531,161211
1532,161234
1533,161250
1534,161252
1535,161265
1536,161299
1537,161326
1538,161348
1539,161373
1540,161385
1541,161391
1542,161448
1543,161467
1544,161476
1545,161533
1546,16155
1547,16161
1548,161662
1549,161677
1550,161744
1551,161750
1552,161752
1553,161755
1554,161831
1555,161870
1556,161880
1557,161882
1558,161903
1559,161936
1560,161974
1561,161986
1562,162001
1563,162014
1564,162019
1565,162030
1566,162052
1567,162121
1568,162155
1569,162219
1570,162264
1571,16231
1572,162311
1573,162376
1574,162380
1575,16246
1576,162496
1577,162538
1578,162562
1579,162590
1580,162610
1581,162626
1582,16263
1583,162639
1584,162662
1585,162671
1586,162738
1587,162762
1588,162780
1589,162827
1590,162840
1591,162849
1592,162886
1593,163169
1594,163194
1595,163202
1596,163302
1597,163307
1598,163319
1599,163326
1600,163335
1601,163358
1602,163415
1603,163419
1604,163430
1605,163433
1606,163443
1607,163467
1608,163488
1609,163570
1610,163579
1611,163600
1612,163612
1613,163676
1614,163759
1615,163761
1616,163796
1617,163804
1618,163851
1619,163876
1620,163973
1621,164027
1622,164096
1623,164105
1624,16417
1625,164301
1626,164323
1627,164425
1628,164480
1629,164492
1630,164518
1631,164533
1632,164549
1633,164581
1634,164584
1635,164675
1636,164728
1637,164775
1638,164777
1639,164828
1640,164870
1641,16488
1642,164906
1643,164926
1644,16504
1645,165073
1646,16510
1647,165183
1648,165232
1649,165267
1650,165268
1651,165308
1652,165319
1653,165345
1654,165425
1655,16545
1656,16551
1657,165512
1658,165516
1659,165576
1660,165582
1661,165728
1662,165758
1663,165769
1664,165806
1665,165866
1666,165884
1667,165914
1668,165987
1669,16599
1670,1660
1671,16601
1672,166017
1673,166030
1674,166123
1675,166287
1676,166327
1677,16634
1678,166391
1679,166409
1680,166492
1681,166596
1682,166639
1683,166646
1684,16666
1685,166758
1686,166824
1687,166825
1688,166828
1689,166830
1690,166891
1691,166922
1692,167038
1693,167052
1694,16717
1695,16718
1696,167189
1697,16721
1698,167272
1699,16730
1700,167327
1701,167349
1702,167389
1703,1674
1704,167471
1705,167478
1706,167494
1707,167507
1708,167517
1709,167521
1710,16755
1711,167562
1712,167587
1713,167614
1714,167678
1715,167722
1716,167746
1717,167761
1718,16777
1719,167782
1720,167800
1721,16781
1722,167812
1723,167844
1724,16795
1725,16798
1726,168016
1727,168029
1728,168034
1729,168036
1730,168047
1731,168064
1732,168144
1733,16818
1734,168216
1735,168245
1736,168387
1737,168388
1738,168464
1739,168478
1740,168500
1741,168642
1742,16871
1743,168763
1744,16877
1745,168805
1746,168816
1747,168954
1748,168971
1749,168985
1750,168999
1751,169006
1752,169043
1753,169057
1754,16908
1755,16916
1756,169192
1757,169223
1758,169233
1759,169249
1760,169282
1761,169309
1762,169310
1763,169400
1764,169403
1765,16943
1766,169450
1767,169465
1768,16949
1769,169600
1770,16966
1771,169663
1772,169682
1773,169699
1774,169727
1775,169735
1776,169779
1777,169781
1778,169824
1779,16996
1780,16999
1781,170012
1782,17003
1783,170054
1784,170073
1785,170077
1786,170154
1787,170184
1788,170227
1789,170255
1790,170256
1791,170264
1792,170372
1793,170401
1794,170415
1795,17046
1796,170493
1797,170499
1798,170509
1799,170513
1800,170518
1801,170522
1802,170527
1803,170575
1804,170595
1805,170634
1806,170693
1807,170724
1808,170742
1809,170762
1810,170792
1811,170845
1812,170850
1813,170861
1814,170866
1815,170869
1816,170947
1817,170966
1818,171007
1819,171011
1820,171045
1821,171050
1822,171055
1823,171078
1824,171082
1825,171118
1826,171295
1827,171359
1828,171444
1829,171445
1830,171475
1831,171602
1832,171623
1833,171638
1834,17177
1835,171818
1836,17183
1837,17190
1838,171904
1839,171967
1840,171968
1841,171970
1842,171986
1843,171999
1844,172010
1845,172030
1846,172048
1847,172061
1848,172091
1849,172119
1850,172128
1851,172192
1852,172203
1853,172215
1854,172216
1855,17233
1856,172331
1857,172374
1858,172406
1859,172512
1860,172539
1861,172676
1862,172700
1863,172742
1864,172760
1865,17282
1866,173111
1867,173131
1868,173225
1869,173291
1870,1733
1871,173343
1872,173415
1873,173481
1874,173486
1875,173511
1876,173517
1877,173650
1878,173679
1879,173684
1880,173728
1881,173773
1882,173835
1883,173860
1884,173951
1885,17402
1886,174034
1887,174062
1888,174072
1889,174092
1890,174151
1891,174179
1892,174195
1893,174216
1894,174304
1895,174322
1896,174326
1897,174367
1898,174375
1899,174388
1900,174428
1901,174501
1902,174503
1903,174534
1904,174590
1905,174596
1906,174615
1907,174625
1908,174633
1909,174692
1910,174700
1911,174726
1912,174738
1913,174827
1914,174830
1915,174834
1916,174848
1917,174851
1918,174892
1919,174897
1920,174914
1921,174918
1922,175003
1923,175052
1924,175070
1925,175100
1926,175101
1927,175117
1928,175205
1929,175254
1930,175271
1931,175278
1932,175287
1933,175463
1934,175529
1935,175536
1936,175576
1937,175636
1938,175794
1939,175978
1940,176094
1941,176102
1942,176214
1943,176256
1944,176348
1945,176459
1946,176481
1947,176526
1948,176576
1949,176597
1950,176656
1951,176667
1952,17667
1953,176785
1954,176853
1955,176875
1956,176879
1957,176887
1958,176902
1959,176903
1960,177040
1961,177072
1962,177073
1963,177090
1964,177091
1965,177157
1966,177186
1967,177195
1968,177233
1969,177237
1970,177262
1971,177277
1972,177284
1973,177295
1974,177349
1975,177374
1976,177375
1977,177386
1978,177432
1979,177451
1980,177458
1981,177492
1982,177569
1983,177590
1984,17761
1985,17763
1986,177683
1987,177690
1988,177862
1989,177876
1990,177879
1991,178035
1992,178058
1993,178079
1994,178093
1995,178130
1996,178151
1997,178199
1998,178201
1999,178223
2000,178240
2001,178322
2002,178356
2003,178458
2004,178522
2005,178587
2006,17859
2007,178597
2008,178667
2009,178733
2010,178797
2011,178880
2012,178914
2013,178920
2014,17894
2015,178961
2016,179019
2017,17906
2018,179075
2019,179118
2020,179147
2021,179288
2022,179321
2023,179327
2024,179433
2025,17950
2026,179532
2027,179534
2028,179591
2029,179688
2030,17970
2031,179718
2032,179730
2033,179733
2034,179734
2035,179739
2036,179741
2037,179744
2038,179772
2039,179791
2040,179826
2041,179843
2042,179857
2043,179885
2044,179906
2045,179978
2046,180032
2047,180042
2048,180169
2049,180348
2050,180378
2051,180495
2052,180580
2053,180586
2054,180591
2055,180651
2056,18067
2057,180801
2058,18082
2059,180840
2060,180860
2061,18095
2062,180957
2063,18096
2064,181076
2065,181077
2066,181103
2067,181165
2068,181176
2069,181212
2070,181223
2071,181436
2072,181443
2073,181452
2074,181473
2075,18155
2076,181687
2077,181691
2078,181714
2079,18172
2080,181736
2081,18176
2082,181796
2083,181896
2084,181948
2085,181956
2086,181995
2087,18203
2088,182053
2089,182085
2090,182086
2091,182088
2092,182117
2093,182180
2094,182202
2095,182275
2096,182334
2097,182393
2098,182403
2099,182414
2100,182442
2101,182459
2102,182506
2103,182527
2104,182599
2105,182746
2106,182838
2107,182847
2108,182931
2109,182969
2110,182993
2111,183046
2112,183061
2113,183088
2114,183101
2115,18311
2116,183134
2117,183142
2118,183178
2119,183187
2120,183196
2121,183277
2122,183284
2123,183347
2124,183436
2125,183476
2126,183537
2127,183540
2128,183566
2129,183572
2130,183740
2131,183753
2132,183832
2133,18384
2134,183883
2135,183931
2136,18395
2137,183952
2138,183963
2139,183995
2140,18401
2141,184121
2142,184190
2143,184196
2144,184202
2145,184223
2146,184279
2147,184299
2148,184310
2149,184354
2150,184365
2151,18439
2152,184401
2153,184424
2154,184465
2155,184479
2156,184513
2157,184532
2158,184562
2159,184629
2160,184632
2161,184684
2162,184789
2163,1848
2164,184890
2165,184904
2166,184985
2167,185011
2168,185071
2169,185087
2170,185140
2171,185147
2172,185154
2173,185176
2174,185233
2175,185254
2176,185275
2177,185296
2178,185308
2179,185384
2180,185450
2181,185468
2182,185514
2183,185634
2184,185671
2185,185677
2186,185722
2187,185771
2188,186032
2189,186039
2190,186312
2191,186527
2192,186533
2193,186547
2194,186570
2195,186762
2196,186784
2197,186807
2198,186837
2199,186848
2200,18689
2201,186899
2202,187029
2203,187065
2204,187145
2205,187170
2206,187256
2207,187410
2208,187425
2209,187463
2210,187517
2211,187520
2212,187574
2213,187613
2214,187624
2215,187747
2216,187761
2217,187762
2218,187763
2219,187801
2220,187822
2221,187835
2222,187863
2223,187904
2224,187922
2225,187981
2226,187990
2227,188010
2228,188022
2229,188027
2230,188038
2231,188106
2232,188171
2233,188273
2234,188280
2235,188379
2236,188483
2237,188484
2238,188490
2239,188513
2240,188518
2241,188583
2242,188589
2243,188659
2244,188661
2245,188676
2246,188696
2247,188796
2248,188799
2249,188951
2250,189005
2251,189080
2252,189104
2253,189115
2254,189139
2255,189151
2256,189235
2257,189320
2258,189334
2259,189392
2260,189474
2261,189516
2262,189541
2263,189558
2264,189655
2265,189678
2266,189747
2267,189789
2268,18979
2269,189835
2270,189855
2271,189891
2272,189973
2273,190080
2274,19011
2275,190185
2276,1903
2277,190350
2278,190374
2279,190409
2280,190422
2281,190448
2282,190459
2283,190479
2284,190533
2285,190708
2286,190741
2287,190831
2288,190844
2289,19085
2290,190885
2291,190923
2292,190925
2293,191014
2294,19107
2295,191093
2296,191165
2297,191166
2298,191188
2299,19145
2300,191523
2301,191560
2302,191575
2303,191638
2304,191716
2305,191761
2306,191775
2307,191803
2308,191841
2309,191875
2310,191883
2311,192093
2312,192119
2313,192121
2314,192158
2315,192176
2316,192185
2317,192191
2318,192211
2319,192244
2320,192245
2321,19233
2322,192353
2323,192428
2324,192460
2325,192462
2326,192479
2327,192492
2328,192696
2329,192710
2330,192727
2331,192733
2332,192914
2333,193106
2334,193131
2335,193156
2336,193350
2337,19336
2338,193412
2339,193428
2340,193448
2341,193458
2342,193469
2343,193470
2344,193482
2345,193499
2346,193529
2347,193560
2348,193610
2349,193612
2350,19362
2351,193676
2352,193738
2353,193750
2354,193769
2355,193778
2356,193798
2357,193819
2358,193898
2359,193966
2360,194027
2361,194172
2362,194205
2363,194273
2364,194287
2365,19429
2366,194425
2367,194514
2368,194519
2369,194556
2370,194600
2371,194605
2372,194606
2373,194614
2374,194636
2375,194639
2376,194669
2377,194676
2378,194877
2379,19493
2380,194974
2381,195008
2382,19503
2383,195041
2384,195049
2385,195057
2386,195079
2387,195100
2388,195116
2389,195182
2390,195374
2391,195386
2392,195469
2393,195694
2394,19570
2395,19571
2396,19573
2397,195904
2398,195943
2399,195965
2400,196018
2401,196031
2402,196047
2403,19605
2404,196050
2405,196052
2406,196053
2407,196054
2408,196077
2409,196085
2410,196099
2411,196106
2412,196108
2413,196113
2414,196137
2415,196148
2416,196149
2417,196160
2418,196191
2419,196228
2420,196253
2421,196282
2422,196317
2423,196457
2424,196466
2425,196502
2426,19659
2427,196621
2428,19664
2429,196738
2430,196775
2431,19681
2432,196812
2433,196886
2434,196891
2435,197000
2436,197012
2437,19711
2438,197206
2439,197364
2440,197410
2441,197424
2442,197425
2443,197502
2444,197659
2445,197664
2446,197687
2447,197727
2448,197775
2449,197866
2450,197913
2451,197939
2452,197942
2453,197997
2454,198011
2455,198012
2456,198046
2457,198114
2458,198213
2459,198216
2460,198355
2461,19842
2462,198483
2463,198507
2464,198557
2465,198726
2466,198767
2467,198781
2468,198840
2469,198930
2470,198983
2471,198996
2472,199016
2473,199025
2474,199041
2475,199092
2476,199095
2477,199178
2478,199209
2479,199416
2480,199515
2481,19972
2482,199772
2483,199795
2484,199871
2485,199981
2486,200009
2487,20005
2488,200196
2489,200206
2490,200213
2491,200226
2492,200245
2493,200248
2494,200252
2495,200323
2496,20034
2497,200402
2498,200422
2499,200493
2500,200508
2501,200568
2502,200585
2503,20060
2504,200607
2505,200643
2506,200674
2507,200978
2508,2010
2509,201017
2510,201036
2511,201042
2512,201058
2513,20106
2514,201141
2515,20115
2516,20119
2517,2012
2518,201290
2519,201323
2520,201353
2521,201447
2522,20147
2523,201475
2524,20149
2525,20150
2526,201526
2527,201557
2528,201568
2529,201593
2530,201641
2531,201674
2532,201677
2533,201684
2534,201697
2535,20172
2536,201725
2537,201751
2538,201760
2539,201768
2540,201776
2541,201783
2542,201792
2543,20180
2544,201829
2545,201923
2546,201969
2547,202000
2548,20201
2549,202036
2550,202063
2551,202127
2552,202147
2553,202173
2554,202182
2555,202195
2556,202212
2557,202277
2558,202324
2559,202346
2560,202353
2561,202358
2562,202381
2563,20245
2564,202462
2565,20250
2566,202532
2567,202553
2568,202564
2569,20265
2570,202706
2571,202711
2572,202885
2573,202942
2574,202963
2575,2030
2576,203017
2577,203044
2578,203058
2579,203075
2580,203161
2581,203213
2582,203240
2583,203280
2584,2033
2585,20336
2586,203380
2587,203392
2588,203401
2589,203422
2590,203441
2591,20347
2592,203506
2593,203598
2594,203603
2595,203621
2596,203742
2597,203764
2598,203799
2599,203805
2600,203844
2601,203877
2602,20388
2603,203900
2604,203910
2605,203918
2606,204040
2607,204167
2608,204179
2609,204255
2610,204316
2611,204333
2612,204359
2613,204393
2614,204448
2615,204452
2616,204457
2617,204470
2618,204474
2619,204571
2620,204591
2621,204619
2622,20462
2623,204622
2624,204660
2625,204676
2626,204696
2627,204698
2628,204790
2629,204804
2630,204813
2631,204822
2632,20484
2633,204844
2634,204864
2635,204909
2636,204929
2637,204936
2638,204946
2639,204964
2640,205085
2641,205145
2642,205197
2643,205281
2644,205285
2645,205383
2646,205426
2647,205473
2648,205487
2649,205520
2650,205538
2651,205554
2652,205608
2653,20561
2654,205735
2655,205765
2656,205843
2657,205919
2658,205943
2659,205963
2660,205967
2661,205980
2662,205992
2663,206016
2664,206058
2665,206074
2666,206107
2667,206109
2668,206202
2669,206219
2670,206249
2671,20627
2672,20629
2673,206305
2674,206393
2675,206423
2676,206438
2677,206534
2678,206563
2679,206567
2680,206675
2681,206691
2682,206764
2683,20680
2684,206877
2685,206891
2686,206944
2687,206959
2688,20703
2689,207134
2690,207148
2691,207180
2692,207246
2693,207259
2694,207275
2695,207291
2696,207339
2697,207341
2698,207349
2699,207350
2700,207385
2701,207450
2702,207494
2703,207499
2704,207563
2705,207569
2706,207616
2707,207686
2708,207782
2709,207825
2710,207835
2711,207860
2712,207924
2713,20794
2714,207965
2715,207971
2716,208019
2717,208058
2718,208077
2719,208095
2720,208112
2721,208141
2722,208147
2723,208236
2724,208251
2725,208302
2726,208367
2727,208378
2728,208382
2729,208406
2730,208410
2731,208415
2732,208451
2733,208555
2734,208568
2735,208591
2736,208600
2737,208605
2738,208620
2739,208645
2740,208668
2741,208671
2742,208683
2743,208700
2744,208815
2745,208829
2746,208877
2747,208897
2748,208907
2749,208936
2750,208960
2751,209059
2752,209147
2753,209156
2754,209160
2755,209163
2756,209174
2757,209229
2758,209238
2759,209265
2760,209373
2761,209394
2762,209464
2763,209486
2764,209516
2765,209536
2766,209563
2767,20961
2768,209625
2769,209631
2770,209684
2771,20971
2772,209756
2773,209765
2774,209817
2775,209833
2776,209875
2777,209974
2778,209985
2779,210035
2780,210077
2781,210097
2782,21011
2783,21014
2784,210168
2785,210174
2786,210261
2787,21031
2788,210315
2789,210317
2790,210481
2791,210485
2792,21049
2793,210493
2794,210573
2795,210587
2796,210597
2797,210599
2798,210627
2799,210685
2800,210717
2801,210738
2802,210791
2803,210822
2804,210874
2805,210921
2806,210923
2807,210959
2808,2110
2809,211041
2810,211098
2811,211137
2812,211152
2813,211176
2814,211231
2815,211288
2816,211303
2817,211344
2818,211351
2819,211360
2820,211426
2821,211430
2822,211500
2823,211770
2824,211919
2825,211937
2826,211944
2827,21202
2828,21207
2829,212088
2830,212109
2831,212130
2832,212142
2833,212252
2834,212260
2835,21229
2836,212328
2837,212385
2838,212411
2839,212427
2840,212439
2841,212467
2842,21252
2843,212568
2844,212628
2845,212631
2846,212697
2847,212797
2848,212835
2849,212849
2850,212859
2851,212923
2852,212965
2853,213064
2854,213066
2855,213119
2856,213126
2857,213150
2858,213191
2859,213197
2860,213255
2861,213312
2862,213316
2863,213369
2864,213410
2865,213523
2866,213531
2867,21356
2868,213625
2869,213628
2870,213638
2871,21364
2872,213641
2873,213664
2874,213708
2875,213760
2876,213839
2877,213851
2878,2139
2879,213972
2880,21404
2881,214042
2882,214102
2883,214138
2884,214212
2885,214272
2886,214315
2887,214348
2888,214436
2889,21462
2890,214686
2891,214786
2892,21484
2893,214879
2894,214920
2895,215006
2896,215024
2897,215071
2898,215139
2899,215180
2900,215256
2901,215278
2902,215359
2903,215388
2904,215421
2905,215609
2906,215627
2907,215693
2908,215709
2909,215753
2910,21576
2911,215829
2912,215942
2913,215986
2914,215988
2915,216012
2916,216027
2917,216099
2918,216100
2919,216151
2920,21618
2921,216260
2922,216386
2923,216435
2924,216444
2925,216466
2926,216495
2927,216501
2928,216557
2929,21659
2930,21660
2931,216670
2932,216683
2933,216724
2934,216781
2935,216829
2936,216877
2937,216882
2938,216962
2939,217012
2940,217056
2941,21708
2942,217106
2943,217107
2944,217121
2945,217223
2946,217270
2947,217271
2948,217318
2949,217375
2950,217444
2951,217468
2952,217496
2953,217512
2954,217513
2955,217516
2956,217673
2957,217740
2958,217811
2959,217818
2960,2179
2961,217958
2962,217986
2963,218068
2964,218121
2965,218221
2966,218240
2967,218241
2968,218286
2969,218411
2970,218514
2971,218519
2972,218552
2973,218568
2974,218608
2975,218615
2976,218636
2977,218640
2978,218689
2979,218721
2980,21875
2981,218760
2982,218836
2983,218844
2984,218875
2985,218976
2986,219008
2987,21903
2988,219035
2989,219065
2990,219149
2991,219208
2992,219209
2993,219254
2994,219278
2995,219301
2996,219321
2997,219353
2998,219387
2999,219530
3000,219546
3001,219593
3002,219597
3003,219671
3004,219683
3005,219921
3006,219924
3007,219949
3008,219951
3009,219955
3010,219974
3011,220091
3012,220095
3013,220122
3014,220240
3015,220278
3016,220314
3017,220399
3018,22045
3019,220484
3020,220503
3021,220586
3022,220597
3023,220608
3024,22062
3025,220635
3026,220664
3027,220688
3028,220717
3029,22074
3030,220759
3031,220867
3032,22089
3033,220892
3034,220911
3035,220931
3036,220945
3037,221008
3038,221040
3039,221050
3040,22107
3041,221186
3042,221232
3043,221309
3044,221327
3045,221368
3046,221445
3047,221510
3048,221543
3049,221557
3050,221655
3051,22167
3052,221681
3053,221687
3054,221690
3055,221705
3056,221732
3057,221753
3058,221777
3059,221870
3060,221948
3061,221967
3062,222034
3063,222035
3064,222050
3065,222152
3066,222204
3067,222207
3068,222210
3069,222220
3070,222296
3071,222353
3072,222488
3073,222492
3074,222501
3075,222506
3076,22252
3077,222563
3078,222614
3079,222677
3080,222688
3081,222716
3082,222743
3083,222788
3084,222941
3085,223066
3086,223087
3087,223132
3088,223154
3089,223156
3090,223161
3091,223190
3092,223201
3093,223210
3094,223231
3095,223238
3096,223253
3097,223325
3098,22338
3099,223402
3100,223431
3101,223438
3102,223454
3103,223455
3104,223461
3105,223501
3106,223530
3107,223554
3108,223566
3109,223587
3110,223644
3111,22365
3112,223714
3113,223768
3114,223787
3115,223814
3116,223816
3117,223872
3118,223879
3119,223892
3120,223927
3121,223953
3122,223954
3123,223977
3124,224085
3125,224122
3126,224138
3127,224146
3128,224159
3129,224209
3130,224236
3131,224249
3132,224289
3133,224303
3134,224308
3135,224340
3136,224342
3137,224349
3138,224430
3139,224435
3140,224479
3141,224525
3142,224626
3143,22464
3144,224646
3145,224764
3146,224768
3147,224809
3148,224904
3149,224923
3150,224927
3151,224944
3152,22495
3153,224997
3154,225002
3155,225066
3156,225078
3157,225087
3158,225187
3159,225191
3160,225199
3161,22521
3162,225232
3163,225379
3164,225435
3165,225449
3166,225542
3167,225595
3168,225610
3169,225617
3170,225683
3171,225686
3172,225763
3173,225810
3174,225886
3175,225887
3176,225912
3177,225938
3178,225986
3179,225989
3180,225996
3181,226006
3182,226205
3183,226220
3184,22625
3185,226267
3186,226349
3187,226362
3188,226393
3189,226462
3190,226482
3191,226545
3192,226553
3193,226616
3194,226702
3195,226713
3196,226739
3197,226745
3198,226772
3199,226874
3200,226879
3201,226926
3202,22695
3203,226965
3204,226976
3205,226987
3206,227025
3207,227054
3208,227072
3209,227097
3210,227146
3211,227192
3212,227250
3213,227275
3214,227282
3215,227292
3216,227295
3217,227327
3218,227397
3219,227413
3220,227447
3221,227467
3222,227520
3223,227544
3224,227591
3225,2276
3226,227654
3227,227681
3228,227702
3229,227705
3230,22773
3231,227836
3232,227859
3233,227884
3234,227925
3235,228021
3236,228108
3237,22813
3238,228154
3239,22818
3240,228206
3241,228245
3242,22830
3243,228311
3244,228313
3245,228321
3246,228351
3247,228445
3248,228455
3249,228477
3250,228579
3251,228652
3252,228681
3253,2287
3254,228727
3255,228738
3256,228764
3257,228789
3258,2288
3259,228868
3260,228998
3261,229011
3262,229055
3263,22912
3264,229177
3265,229243
3266,229313
3267,229329
3268,229331
3269,229334
3270,229335
3271,22936
3272,229409
3273,229448
3274,229454
3275,229502
3276,229551
3277,229632
3278,229656
3279,229681
3280,229703
3281,229741
3282,229742
3283,22975
3284,229767
3285,229768
3286,229922
3287,230013
3288,230030
3289,230105
3290,230115
3291,230180
3292,23020
3293,230293
3294,230400
3295,230496
3296,230522
3297,230626
3298,230627
3299,230629
3300,230687
3301,230699
3302,230708
3303,230878
3304,231081
3305,231132
3306,231149
3307,231210
3308,231225
3309,231237
3310,231251
3311,231252
3312,231255
3313,231263
3314,231264
3315,23128
3316,2313
3317,231337
3318,231340
3319,231351
3320,231354
3321,231357
3322,231374
3323,231393
3324,231395
3325,231560
3326,231694
3327,231823
3328,231827
3329,231857
3330,231897
3331,231993
3332,232030
3333,232052
3334,232067
3335,232103
3336,232106
3337,232107
3338,232131
3339,232211
3340,232271
3341,232292
3342,232492
3343,232583
3344,232708
3345,232756
3346,232838
3347,23288
3348,232929
3349,232945
3350,232959
3351,232964
3352,232990
3353,233117
3354,233143
3355,233312
3356,233361
3357,233427
3358,233430
3359,233431
3360,233436
3361,233445
3362,233480
3363,233526
3364,233529
3365,233543
3366,233578
3367,2337
3368,233711
3369,233754
3370,233856
3371,233867
3372,233889
3373,233903
3374,233911
3375,233917
3376,233976
3377,234023
3378,234165
3379,234359
3380,234399
3381,234401
3382,234565
3383,23459
3384,234597
3385,234614
3386,234623
3387,234647
3388,234672
3389,234675
3390,234721
3391,234743
3392,234765
3393,234828
3394,234893
3395,234901
3396,234925
3397,234948
3398,234954
3399,235011
3400,235059
3401,235099
3402,235105
3403,23511
3404,235146
3405,235173
3406,235206
3407,235282
3408,235384
3409,235392
3410,23547
3411,235498
3412,235506
3413,235543
3414,235671
3415,235684
3416,23571
3417,2358
3418,23582
3419,235842
3420,235884
3421,235895
3422,235935
3423,235952
3424,236017
3425,236030
3426,236044
3427,236058
3428,236097
3429,236164
3430,236172
3431,23619
3432,236235
3433,23624
3434,236255
3435,236267
3436,236269
3437,236283
3438,236322
3439,236340
3440,236349
3441,236399
3442,236480
3443,23652
3444,236587
3445,23659
3446,236595
3447,236618
3448,236621
3449,236700
3450,236754
3451,236757
3452,23680
3453,236840
3454,236943
3455,236948
3456,236959
3457,236979
3458,23699
3459,236994
3460,237064
3461,237264
3462,237271
3463,237275
3464,237397
3465,237407
3466,237411
3467,237429
3468,237433
3469,237434
3470,237474
3471,237486
3472,237534
3473,23768
3474,23771
3475,237715
3476,237748
3477,237856
3478,237898
3479,237912
3480,237990
3481,238008
3482,238010
3483,238057
3484,238065
3485,238120
3486,238222
3487,238246
3488,238319
3489,238350
3490,238400
3491,238419
3492,23847
3493,238540
3494,238541
3495,238557
3496,238607
3497,238613
3498,238639
3499,238699
3500,23871
3501,23872
3502,238757
3503,238779
3504,238781
3505,238836
3506,238849
3507,238864
3508,238889
3509,238961
3510,23902
3511,239020
3512,239067
3513,239070
3514,239161
3515,23933
3516,239374
3517,239407
3518,239423
3519,239449
3520,239460
3521,239468
3522,239481
3523,239486
3524,239535
3525,239554
3526,239584
3527,239594
3528,239609
3529,239626
3530,239688
3531,239692
3532,239736
3533,239748
3534,239801
3535,239834
3536,2399
3537,240035
3538,240051
3539,240107
3540,240111
3541,240113
3542,240131
3543,240144
3544,240219
3545,240224
3546,240225
3547,240235
3548,240267
3549,240318
3550,240333
3551,240370
3552,240401
3553,240403
3554,240484
3555,240495
3556,24052
3557,240567
3558,240568
3559,240609
3560,240643
3561,240663
3562,240670
3563,240677
3564,240700
3565,240756
3566,240789
3567,240829
3568,240888
3569,24090
3570,240906
3571,241042
3572,24105
3573,241080
3574,241086
3575,241100
3576,241204
3577,241214
3578,241265
3579,241357
3580,241367
3581,241495
3582,241513
3583,241527
3584,241537
3585,241548
3586,241565
3587,241597
3588,241614
3589,241666
3590,241749
3591,241791
3592,241799
3593,24186
3594,241861
3595,241885
3596,24194
3597,241980
3598,242006
3599,242007
3600,242037
3601,242073
3602,242083
3603,242106
3604,242118
3605,242143
3606,242247
3607,242299
3608,242309
3609,242310
3610,242317
3611,242361
3612,242409
3613,242458
3614,242465
3615,242499
3616,242528
3617,242544
3618,242637
3619,242639
3620,242646
3621,242763
3622,242843
3623,242849
3624,242878
3625,242891
3626,242914
3627,242962
3628,243
3629,243004
3630,243058
3631,243065
3632,243075
3633,243077
3634,243142
3635,243236
3636,243294
3637,243312
3638,243328
3639,243360
3640,243429
3641,243448
3642,243491
3643,243584
3644,243607
3645,2437
3646,243700
3647,243720
3648,243745
3649,243759
3650,243785
3651,24379
3652,243814
3653,243863
3654,243879
3655,243891
3656,24391
3657,243929
3658,243930
3659,243942
3660,243951
3661,243966
3662,243984
3663,244
3664,244039
3665,244056
3666,244070
3667,244092
3668,244148
3669,244171
3670,244189
3671,24427
3672,244277
3673,244286
3674,24433
3675,244349
3676,244359
3677,244420
3678,244452
3679,244456
3680,244471
3681,244484
3682,244494
3683,244517
3684,24452
3685,244593
3686,244622
3687,244627
3688,244657
3689,244662
3690,244676
3691,244685
3692,244708
3693,244710
3694,244736
3695,244742
3696,244761
3697,244779
3698,244814
3699,244873
3700,244874
3701,244915
3702,244925
3703,245088
3704,245102
3705,245157
3706,245188
3707,245203
3708,245215
3709,24525
3710,245295
3711,245311
3712,245328
3713,245346
3714,245371
3715,245410
3716,245446
3717,245534
3718,245568
3719,245604
3720,245616
3721,245645
3722,245649
3723,245650
3724,245655
3725,245660
3726,245814
3727,245827
3728,245963
3729,246000
3730,246156
3731,246216
3732,246230
3733,246246
3734,246247
3735,24627
3736,246311
3737,246388
3738,24641
3739,246470
3740,246507
3741,246512
3742,246513
3743,246528
3744,246597
3745,246617
3746,246634
3747,246655
3748,246759
3749,246766
3750,246776
3751,246798
3752,246820
3753,246959
3754,247010
3755,247055
3756,247060
3757,247129
3758,247166
3759,247201
3760,247240
3761,247241
3762,247278
3763,24733
3764,247423
3765,247429
3766,247444
3767,247447
3768,247518
3769,247537
3770,247626
3771,247664
3772,247752
3773,247825
3774,247829
3775,247840
3776,247852
3777,247855
3778,247897
3779,247918
3780,247966
3781,247998
3782,248064
3783,248098
3784,248131
3785,248138
3786,248221
3787,248259
3788,248274
3789,248280
3790,24846
3791,248464
3792,248468
3793,248477
3794,248479
3795,248492
3796,248496
3797,248531
3798,248540
3799,248615
3800,248656
3801,248718
3802,248749
3803,24878
3804,248805
3805,248850
3806,248901
3807,248965
3808,249058
3809,249096
3810,249111
3811,249140
3812,249150
3813,24921
3814,249220
3815,249223
3816,24933
3817,24934
3818,249361
3819,249407
3820,249496
3821,24960
3822,249628
3823,249634
3824,249650
3825,249688
3826,249695
3827,249732
3828,249746
3829,249848
3830,249862
3831,249894
3832,249939
3833,24995
3834,249953
3835,249958
3836,249989
3837,250006
3838,25009
3839,250101
3840,250184
3841,250219
3842,250223
3843,250300
3844,250330
3845,250368
3846,250398
3847,250405
3848,250454
3849,250456
3850,250461
3851,250494
3852,250506
3853,250543
3854,250683
3855,250709
3856,250733
3857,250764
3858,250832
3859,250851
3860,250925
3861,250936
3862,250939
3863,250948
3864,250962
3865,250989
3866,251003
3867,251019
3868,25103
3869,25109
3870,251093
3871,251122
3872,251140
3873,251146
3874,251149
3875,251164
3876,251242
3877,25131
3878,251362
3879,251391
3880,251394
3881,251422
3882,251423
3883,251495
3884,251518
3885,251527
3886,251606
3887,251613
3888,251642
3889,251739
3890,251744
3891,251843
3892,251844
3893,251890
3894,252071
3895,25216
3896,252222
3897,25225
3898,252268
3899,252287
3900,252292
3901,252347
3902,25253
3903,252627
3904,252642
3905,252654
3906,252695
3907,252698
3908,252785
3909,252806
3910,252820
3911,252827
3912,252829
3913,252843
3914,252846
3915,252848
3916,252865
3917,253005
3918,253106
3919,253226
3920,253310
3921,253311
3922,253322
3923,253386
3924,253482
3925,253556
3926,253563
3927,253580
3928,253602
3929,253626
3930,253629
3931,253668
3932,253771
3933,253797
3934,253821
3935,253867
3936,253871
3937,253949
3938,25395
3939,253964
3940,254
3941,254038
3942,254053
3943,254064
3944,25409
3945,25410
3946,254144
3947,254160
3948,254196
3949,254201
3950,254206
3951,254224
3952,254278
3953,254289
3954,254299
3955,254355
3956,254376
3957,254377
3958,254405
3959,254417
3960,254465
3961,254467
3962,254486
3963,254690
3964,254751
3965,254777
3966,254822
3967,254859
3968,254863
3969,254899
3970,254971
3971,254995
3972,255078
3973,255092
3974,255218
3975,255289
3976,25533
3977,25545
3978,255489
3979,255546
3980,255618
3981,255648
3982,255661
3983,255786
3984,255814
3985,25583
3986,255858
3987,25601
3988,256023
3989,256133
3990,256167
3991,256247
3992,256270
3993,256402
3994,256407
3995,256507
3996,256603
3997,256843
3998,256844
3999,256874
4000,256889
4001,256925
4002,256948
4003,257024
4004,257028
4005,25711
4006,257145
4007,257198
4008,257204
4009,257212
4010,257362
4011,257454
4012,257492
4013,257534
4014,257548
4015,257625
4016,257699
4017,257700
4018,257777
4019,258011
4020,258084
4021,258107
4022,258109
4023,258151
4024,258152
4025,258160
4026,258185
4027,258240
4028,25827
4029,258270
4030,258275
4031,258460
4032,258482
4033,25850
4034,258520
4035,258534
4036,258550
4037,258690
4038,258777
4039,258884
4040,25890
4041,258938
4042,259004
4043,259006
4044,259035
4045,259057
4046,259066
4047,259078
4048,259118
4049,25919
4050,259223
4051,259259
4052,259260
4053,259264
4054,25930
4055,259320
4056,259378
4057,259380
4058,259388
4059,259430
4060,259542
4061,259626
4062,259629
4063,25966
4064,259660
4065,259734
4066,25981
4067,259829
4068,259901
4069,259930
4070,25996
4071,260067
4072,260108
4073,260183
4074,260316
4075,260363
4076,260388
4077,260419
4078,260520
4079,26057
4080,260678
4081,260699
4082,26084
4083,260897
4084,260944
4085,260967
4086,261037
4087,261105
4088,261314
4089,261327
4090,26134
4091,26145
4092,261460
4093,261567
4094,261578
4095,261590
4096,261603
4097,261611
4098,26182
4099,261829
4100,26196
4101,261973
4102,261998
4103,262040
4104,262118
4105,262151
4106,262169
4107,262186
4108,262271
4109,262311
4110,262317
4111,262391
4112,262399
4113,26240
4114,262407
4115,262459
4116,262469
4117,262525
4118,262541
4119,262634
4120,262666
4121,262902
4122,262940
4123,262974
4124,262998
4125,263078
4126,263107
4127,263163
4128,263321
4129,263325
4130,263326
4131,263344
4132,263383
4133,263413
4134,263460
4135,263560
4136,263645
4137,263663
4138,26371
4139,26374
4140,263842
4141,263877
4142,264031
4143,264082
4144,264085
4145,264152
4146,264284
4147,264300
4148,264311
4149,264317
4150,264321
4151,264349
4152,264355
4153,264411
4154,264464
4155,264525
4156,264543
4157,264600
4158,264627
4159,264628
4160,264634
4161,264637
4162,264655
4163,264657
4164,264862
4165,26487
4166,264947
4167,264985
4168,264996
4169,265083
4170,265115
4171,26516
4172,26517
4173,265194
4174,265205
4175,26521
4176,265276
4177,265313
4178,26535
4179,26538
4180,265383
4181,265403
4182,26544
4183,265487
4184,265504
4185,26553
4186,265546
4187,265553
4188,265591
4189,265607
4190,265620
4191,265656
4192,265751
4193,265784
4194,265827
4195,26583
4196,265889
4197,265918
4198,26593
4199,265932
4200,265972
4201,26598
4202,266054
4203,266056
4204,266109
4205,26611
4206,26615
4207,266164
4208,26620
4209,26621
4210,266226
4211,266229
4212,26624
4213,266268
4214,26628
4215,266283
4216,266331
4217,266355
4218,266419
4219,266457
4220,266466
4221,266478
4222,266522
4223,266650
4224,266678
4225,266697
4226,266753
4227,266807
4228,266840
4229,266842
4230,266865
4231,266866
4232,266872
4233,266940
4234,267033
4235,267061
4236,26713
4237,267180
4238,267184
4239,267249
4240,267256
4241,267282
4242,267326
4243,267328
4244,267334
4245,267354
4246,267356
4247,267442
4248,267444
4249,267453
4250,267510
4251,267529
4252,267538
4253,26756
4254,267596
4255,267621
4256,267635
4257,267642
4258,267644
4259,267648
4260,267680
4261,267802
4262,26782
4263,267830
4264,268025
4265,268030
4266,268032
4267,268035
4268,268110
4269,26813
4270,268156
4271,268239
4272,268262
4273,268282
4274,268300
4275,268315
4276,268540
4277,268544
4278,268618
4279,268622
4280,268639
4281,268657
4282,268691
4283,268704
4284,268751
4285,268761
4286,268786
4287,26883
4288,268833
4289,268932
4290,269011
4291,269140
4292,269157
4293,269244
4294,269273
4295,269308
4296,269313
4297,269321
4298,269344
4299,269353
4300,269378
4301,269386
4302,269439
4303,269557
4304,269566
4305,269702
4306,269719
4307,269728
4308,269738
4309,269799
4310,269808
4311,269835
4312,269890
4313,270069
4314,270091
4315,270121
4316,270156
4317,270226
4318,270326
4319,270339
4320,270352
4321,270401
4322,270552
4323,270554
4324,270605
4325,270629
4326,270666
4327,270713
4328,270715
4329,270723
4330,270737
4331,270754
4332,270801
4333,270820
4334,270828
4335,270829
4336,270838
4337,270863
4338,270897
4339,270906
4340,27091
4341,271000
4342,271066
4343,271144
4344,271156
4345,271176
4346,271195
4347,271284
4348,271306
4349,271375
4350,27140
4351,271448
4352,271460
4353,271503
4354,271531
4355,271538
4356,271557
4357,271558
4358,271587
4359,271588
4360,271622
4361,271659
4362,27169
4363,271705
4364,271833
4365,27193
4366,27204
4367,272120
4368,272202
4369,272225
4370,272233
4371,272385
4372,272395
4373,272407
4374,272423
4375,272573
4376,27265
4377,272671
4378,272705
4379,272715
4380,272786
4381,272810
4382,272890
4383,272961
4384,272988
4385,273063
4386,273071
4387,273086
4388,273110
4389,273113
4390,27313
4391,273167
4392,27317
4393,273190
4394,273197
4395,27329
4396,273307
4397,273318
4398,273336
4399,273344
4400,273440
4401,273507
4402,27352
4403,273535
4404,273635
4405,273718
4406,273805
4407,273813
4408,27383
4409,273869
4410,273976
4411,273979
4412,273993
4413,274004
4414,274005
4415,274056
4416,274061
4417,274111
4418,274144
4419,274199
4420,274301
4421,274308
4422,274325
4423,274380
4424,274393
4425,274423
4426,274466
4427,274549
4428,274618
4429,27462
4430,274634
4431,274656
4432,27472
4433,274808
4434,274881
4435,274979
4436,275020
4437,275075
4438,275111
4439,275154
4440,275210
4441,275220
4442,275228
4443,275264
4444,275305
4445,275306
4446,275318
4447,275383
4448,275401
4449,275439
4450,275476
4451,275481
4452,275520
4453,275611
4454,275673
4455,275732
4456,275758
4457,275922
4458,275970
4459,275994
4460,276017
4461,276038
4462,276050
4463,276071
4464,276165
4465,27617
4466,276231
4467,276307
4468,276313
4469,276463
4470,27647
4471,276521
4472,276563
4473,2766
4474,276641
4475,276670
4476,276680
4477,276681
4478,276688
4479,27684
4480,276964
4481,277042
4482,277157
4483,277195
4484,277378
4485,27740
4486,277427
4487,277439
4488,277478
4489,277523
4490,277623
4491,277629
4492,277639
4493,277710
4494,277744
4495,277922
4496,277928
4497,277937
4498,277945
4499,277959
4500,277965
4501,278007
4502,278026
4503,27812
4504,27813
4505,278137
4506,278188
4507,278194
4508,278202
4509,27821
4510,278221
4511,278356
4512,278390
4513,278418
4514,278522
4515,278535
4516,278554
4517,278582
4518,278633
4519,27875
4520,278843
4521,27888
4522,27891
4523,27947
4524,28016
4525,28076
4526,28091
4527,28096
4528,28144
4529,28150
4530,28177
4531,28204
4532,28222
4533,28255
4534,28257
4535,28289
4536,28360
4537,28448
4538,28451
4539,28454
4540,28477
4541,28492
4542,28523
4543,28543
4544,28591
4545,28592
4546,28594
4547,28619
4548,28634
4549,28647
4550,28667
4551,28700
4552,28709
4553,28731
4554,28735
4555,28820
4556,28865
4557,2891
4558,28938
4559,28945
4560,29028
4561,29056
4562,29094
4563,29101
4564,29204
4565,29209
4566,29259
4567,29306
4568,29419
4569,29424
4570,29497
4571,29526
4572,29539
4573,29570
4574,2977
4575,29789
4576,29855
4577,29867
4578,29915
4579,29974
4580,30022
4581,30029
4582,30035
4583,30052
4584,30081
4585,30120
4586,30210
4587,30245
4588,30261
4589,30273
4590,30276
4591,30290
4592,30316
4593,30319
4594,30333
4595,30385
4596,30408
4597,30445
4598,30461
4599,30487
4600,30495
4601,30511
4602,30531
4603,30533
4604,30555
4605,30594
4606,30607
4607,30645
4608,30657
4609,30711
4610,30712
4611,30716
4612,30735
4613,30749
4614,30770
4615,30806
4616,30810
4617,30824
4618,30838
4619,30854
4620,30887
4621,30898
4622,30906
4623,30939
4624,30968
4625,30971
4626,30972
4627,30985
4628,30989
4629,30994
4630,31006
4631,31008
4632,31040
4633,31050
4634,3106
4635,31094
4636,31144
4637,31158
4638,31226
4639,31229
4640,31256
4641,31315
4642,31343
4643,31391
4644,31393
4645,31412
4646,31431
4647,31446
4648,3145
4649,31468
4650,31471
4651,31556
4652,31609
4653,31652
4654,3167
4655,31681
4656,31688
4657,31714
4658,31740
4659,31826
4660,31846
4661,31860
4662,31900
4663,31919
4664,31948
4665,32034
4666,32087
4667,32122
4668,32148
4669,32188
4670,32195
4671,32244
4672,32250
4673,32275
4674,32329
4675,32440
4676,32444
4677,32516
4678,32569
4679,32599
4680,32627
4681,32641
4682,32721
4683,32773
4684,32802
4685,3282
4686,32991
4687,33004
4688,33036
4689,33124
4690,33179
4691,33200
4692,33264
4693,33270
4694,33283
4695,3329
4696,33307
4697,3331
4698,33319
4699,33432
4700,3346
4701,33461
4702,33491
4703,33580
4704,33614
4705,3363
4706,33656
4707,33681
4708,3371
4709,3373
4710,33816
4711,33818
4712,33832
4713,33862
4714,33933
4715,33958
4716,33974
4717,33980
4718,33999
4719,34075
4720,34087
4721,34115
4722,34215
4723,34300
4724,34377
4725,34501
4726,34588
4727,34600
4728,34636
4729,34752
4730,34801
4731,34840
4732,34932
4733,34987
4734,34988
4735,35030
4736,35050
4737,35081
4738,35144
4739,35148
4740,35188
4741,35233
4742,35270
4743,35320
4744,35424
4745,35445
4746,35532
4747,3556
4748,35631
4749,35704
4750,35707
4751,3578
4752,35793
4753,35836
4754,35841
4755,35845
4756,35857
4757,35859
4758,35865
4759,35909
4760,35918
4761,35922
4762,35925
4763,35998
4764,36003
4765,36043
4766,36103
4767,36135
4768,36141
4769,36157
4770,36256
4771,36299
4772,36307
4773,36326
4774,36327
4775,36357
4776,3640
4777,36554
4778,36562
4779,36606
4780,36609
4781,36638
4782,36673
4783,36693
4784,36715
4785,36741
4786,36749
4787,36801
4788,36807
4789,36811
4790,36817
4791,36836
4792,36839
4793,36907
4794,36938
4795,36978
4796,37147
4797,37168
4798,3719
4799,37208
4800,37227
4801,37235
4802,37239
4803,37244
4804,37293
4805,37310
4806,37311
4807,37400
4808,37426
4809,37447
4810,37493
4811,37512
4812,37538
4813,37556
4814,37571
4815,37573
4816,37584
4817,37605
4818,37623
4819,37644
4820,37691
4821,37712
4822,37790
4823,37817
4824,37822
4825,37874
4826,37950
4827,37968
4828,37974
4829,37989
4830,38023
4831,38034
4832,38081
4833,38091
4834,3814
4835,3817
4836,38176
4837,38250
4838,3827
4839,38273
4840,38281
4841,3840
4842,38457
4843,38464
4844,38482
4845,38544
4846,38556
4847,38590
4848,38654
4849,38660
4850,38679
4851,38703
4852,38718
4853,38781
4854,388
4855,38802
4856,38887
4857,38904
4858,38933
4859,38991
4860,38995
4861,39087
4862,39159
4863,3917
4864,39219
4865,39227
4866,3923
4867,39281
4868,39284
4869,39345
4870,39353
4871,39372
4872,39374
4873,39396
4874,39441
4875,39467
4876,39502
4877,39513
4878,39616
4879,39646
4880,39662
4881,39705
4882,39773
4883,39928
4884,40052
4885,40110
4886,4017
4887,40222
4888,40299
4889,40330
4890,40415
4891,40466
4892,40505
4893,40511
4894,40553
4895,40612
4896,40772
4897,40795
4898,40796
4899,40798
4900,40838
4901,40888
4902,40889
4903,40914
4904,4092
4905,40922
4906,40943
4907,4098
4908,41058
4909,41080
4910,41084
4911,41086
4912,41088
4913,41111
4914,41123
4915,41177
4916,41245
4917,41364
4918,41395
4919,41403
4920,41425
4921,41449
4922,41450
4923,41455
4924,4157
4925,41589
4926,41634
4927,41676
4928,41757
4929,41760
4930,41781
4931,41841
4932,41854
4933,41911
4934,4197
4935,42024
4936,42093
4937,42099
4938,4221
4939,42323
4940,42372
4941,42408
4942,42410
4943,42419
4944,42450
4945,42458
4946,42466
4947,42573
4948,42597
4949,42611
4950,42651
4951,42730
4952,42780
4953,42798
4954,42847
4955,42883
4956,42914
4957,42948
4958,43004
4959,43006
4960,43021
4961,43093
4962,43157
4963,43163
4964,43246
4965,43282
4966,4334
4967,43359
4968,43418
4969,43436
4970,43481
4971,43595
4972,43619
4973,43626
4974,43639
4975,43687
4976,43698
4977,43806
4978,43807
4979,43842
4980,4385
4981,43852
4982,43901
4983,43910
4984,44089
4985,44252
4986,44295
4987,44296
4988,44297
4989,44389
4990,44467
4991,44472
4992,44535
4993,44590
4994,44595
4995,44611
4996,44663
4997,44727
4998,44728
4999,44756
5000,44837
5001,44842
5002,44845
5003,44852
5004,44893
5005,44932
5006,44985
5007,45064
5008,45068
5009,45078
5010,45107
5011,45113
5012,45119
5013,45184
5014,45255
5015,45315
5016,45340
5017,45383
5018,45391
5019,45416
5020,45418
5021,45471
5022,45557
5023,45564
5024,45641
5025,45911
5026,4600
5027,46099
5028,46145
5029,46154
5030,4622
5031,46258
5032,46269
5033,46293
5034,46295
5035,46350
5036,46389
5037,46398
5038,46417
5039,46443
5040,46461
5041,46541
5042,46671
5043,46892
5044,46907
5045,46909
5046,47117
5047,47118
5048,47127
5049,47128
5050,47152
5051,47279
5052,47316
5053,47512
5054,47594
5055,47609
5056,47779
5057,47793
5058,47807
5059,4785
5060,47856
5061,47925
5062,4795
5063,47971
5064,47975
5065,48025
5066,48037
5067,48046
5068,4809
5069,48213
5070,48217
5071,48268
5072,48355
5073,48382
5074,48494
5075,48579
5076,48630
5077,48743
5078,48753
5079,48911
5080,48929
5081,48975
5082,48995
5083,49061
5084,49109
5085,49154
5086,49155
5087,49212
5088,49225
5089,49262
5090,49277
5091,49289
5092,49300
5093,49314
5094,49324
5095,4938
5096,49392
5097,49422
5098,49423
5099,49460
5100,49753
5101,49771
5102,49792
5103,49842
5104,49889
5105,49900
5106,49980
5107,50073
5108,50098
5109,50129
5110,50130
5111,50141
5112,50143
5113,50193
5114,50204
5115,50205
5116,50225
5117,503
5118,5037
5119,505
5120,50504
5121,50526
5122,50539
5123,50612
5124,50615
5125,50650
5126,50681
5127,507
5128,50730
5129,50749
5130,50823
5131,50849
5132,50859
5133,50895
5134,50972
5135,51071
5136,51082
5137,51100
5138,51207
5139,51252
5140,51350
5141,51359
5142,51364
5143,51365
5144,51386
5145,51450
5146,51511
5147,51526
5148,51559
5149,51589
5150,51627
5151,51663
5152,51665
5153,51742
5154,51803
5155,51805
5156,51826
5157,51856
5158,51883
5159,51992
5160,52002
5161,52011
5162,52021
5163,52044
5164,5209
5165,52141
5166,52159
5167,52175
5168,52199
5169,52293
5170,52350
5171,52425
5172,52472
5173,52521
5174,52532
5175,52584
5176,52614
5177,52670
5178,52851
5179,52853
5180,52887
5181,52917
5182,53042
5183,53069
5184,53140
5185,53174
5186,53220
5187,53241
5188,53256
5189,53265
5190,53278
5191,53304
5192,53365
5193,53392
5194,53408
5195,53414
5196,53418
5197,53456
5198,53515
5199,53520
5200,53575
5201,53590
5202,53605
5203,53614
5204,53628
5205,53663
5206,53664
5207,53729
5208,53846
5209,5385
5210,54005
5211,54072
5212,54193
5213,54206
5214,54222
5215,54290
5216,54335
5217,54374
5218,5439
5219,54453
5220,54492
5221,54511
5222,54512
5223,54547
5224,54578
5225,54605
5226,54622
5227,54652
5228,5476
5229,54884
5230,54889
5231,54898
5232,54911
5233,54968
5234,5499
5235,55006
5236,55027
5237,55065
5238,55075
5239,55097
5240,55142
5241,55178
5242,55187
5243,55270
5244,55272
5245,5539
5246,55398
5247,55421
5248,55438
5249,55441
5250,55487
5251,55490
5252,55492
5253,55493
5254,55548
5255,55559
5256,55562
5257,55607
5258,55631
5259,55655
5260,55734
5261,55751
5262,55779
5263,55787
5264,55789
5265,55799
5266,5582
5267,55826
5268,55858
5269,55892
5270,55927
5271,56157
5272,56271
5273,56272
5274,56307
5275,56315
5276,56369
5277,56391
5278,56399
5279,56447
5280,56554
5281,56623
5282,56625
5283,5665
5284,56654
5285,56661
5286,56663
5287,56804
5288,56856
5289,56917
5290,56959
5291,56985
5292,57068
5293,57095
5294,57105
5295,57108
5296,57124
5297,57200
5298,57234
5299,57255
5300,57267
5301,5728
5302,57302
5303,57369
5304,57398
5305,5741
5306,57599
5307,57632
5308,57713
5309,57725
5310,57833
5311,57920
5312,57935
5313,57959
5314,57960
5315,57976
5316,58062
5317,58142
5318,5815
5319,58151
5320,58194
5321,58224
5322,58255
5323,58342
5324,58351
5325,58389
5326,58458
5327,58529
5328,58594
5329,58612
5330,58708
5331,58768
5332,58792
5333,58877
5334,58911
5335,58961
5336,58964
5337,5903
5338,59038
5339,59059
5340,59150
5341,59172
5342,59180
5343,59189
5344,59209
5345,59267
5346,59269
5347,59305
5348,59390
5349,59430
5350,59499
5351,59504
5352,59554
5353,59612
5354,5963
5355,59656
5356,59727
5357,59770
5358,59812
5359,59820
5360,59912
5361,59933
5362,59971
5363,60029
5364,60040
5365,60050
5366,60079
5367,60130
5368,60140
5369,60157
5370,60168
5371,60244
5372,60253
5373,60263
5374,60278
5375,60307
5376,60319
5377,60336
5378,60337
5379,60392
5380,60412
5381,60427
5382,60445
5383,60475
5384,60546
5385,60569
5386,60583
5387,60621
5388,60703
5389,60707
5390,6073
5391,60797
5392,60858
5393,60905
5394,60944
5395,60977
5396,6102
5397,61028
5398,61038
5399,61042
5400,61146
5401,61147
5402,6115
5403,61211
5404,61257
5405,61283
5406,61296
5407,61348
5408,61354
5409,61427
5410,61619
5411,61668
5412,61704
5413,61759
5414,61798
5415,61835
5416,61845
5417,61854
5418,61888
5419,61901
5420,61910
5421,62009
5422,62172
5423,62239
5424,62272
5425,62316
5426,62378
5427,6238
5428,6242
5429,62464
5430,62471
5431,6251
5432,62542
5433,62558
5434,62582
5435,62688
5436,62716
5437,62755
5438,62862
5439,62881
5440,62891
5441,62895
5442,62958
5443,62966
5444,62968
5445,63004
5446,6323
5447,63323
5448,6333
5449,63358
5450,63360
5451,63389
5452,63394
5453,6345
5454,63452
5455,63506
5456,63507
5457,63595
5458,63625
5459,63714
5460,638
5461,63854
5462,63865
5463,63923
5464,63938
5465,63956
5466,64075
5467,64241
5468,64270
5469,64271
5470,6431
5471,64310
5472,64396
5473,64435
5474,64436
5475,64449
5476,64535
5477,64679
5478,64846
5479,64946
5480,65032
5481,65068
5482,651
5483,65145
5484,65183
5485,65191
5486,65208
5487,65228
5488,65238
5489,65258
5490,6532
5491,6537
5492,65370
5493,6543
5494,65484
5495,65487
5496,65497
5497,65584
5498,6563
5499,6564
5500,6566
5501,65663
5502,6575
5503,6577
5504,65791
5505,65817
5506,65877
5507,65913
5508,65946
5509,66055
5510,66073
5511,66100
5512,6611
5513,66129
5514,66323
5515,66387
5516,66443
5517,66473
5518,66487
5519,66518
5520,66533
5521,66556
5522,66574
5523,66591
5524,6662
5525,66640
5526,66680
5527,6671
5528,66789
5529,6679
5530,66797
5531,66853
5532,66878
5533,66942
5534,66953
5535,66960
5536,67085
5537,67174
5538,67178
5539,67198
5540,67270
5541,67288
5542,67296
5543,67354
5544,67402
5545,67403
5546,67415
5547,67487
5548,67515
5549,67544
5550,67547
5551,67591
5552,67627
5553,67663
5554,67677
5555,6769
5556,67693
5557,6772
5558,67782
5559,6781
5560,67840
5561,6789
5562,67910
5563,67930
5564,68000
5565,68004
5566,68081
5567,68128
5568,68156
5569,68185
5570,68240
5571,68249
5572,68256
5573,68309
5574,68344
5575,68383
5576,68436
5577,68447
5578,68537
5579,68555
5580,68568
5581,68581
5582,68615
5583,68700
5584,68760
5585,68767
5586,68768
5587,68846
5588,68886
5589,68943
5590,68984
5591,69012
5592,69023
5593,69042
5594,69078
5595,69156
5596,69188
5597,69211
5598,69232
5599,69252
5600,69355
5601,69378
5602,69389
5603,69405
5604,69512
5605,69684
5606,69697
5607,69709
5608,69721
5609,69749
5610,69775
5611,69929
5612,69933
5613,69971
5614,69986
5615,70014
5616,70052
5617,70065
5618,70183
5619,70189
5620,70192
5621,70222
5622,70302
5623,70379
5624,70401
5625,70402
5626,70415
5627,70435
5628,70448
5629,70541
5630,70594
5631,70628
5632,70649
5633,70666
5634,70703
5635,7082
5636,70864
5637,70878
5638,709
5639,70918
5640,70931
5641,7105
5642,71102
5643,71162
5644,71181
5645,71183
5646,71193
5647,71207
5648,71223
5649,71234
5650,7125
5651,7134
5652,71470
5653,71490
5654,71522
5655,7158
5656,71587
5657,71628
5658,71662
5659,71712
5660,71752
5661,71786
5662,71800
5663,71831
5664,71853
5665,71900
5666,71902
5667,72099
5668,7210
5669,72100
5670,72183
5671,72190
5672,72214
5673,72238
5674,72287
5675,72296
5676,72352
5677,72368
5678,72379
5679,72418
5680,72470
5681,72523
5682,72530
5683,72575
5684,72601
5685,72636
5686,72707
5687,72742
5688,72785
5689,7283
5690,7286
5691,72990
5692,73003
5693,73022
5694,73044
5695,73056
5696,7312
5697,73330
5698,73363
5699,73394
5700,73398
5701,7346
5702,735
5703,7352
5704,73548
5705,73588
5706,73622
5707,73651
5708,73681
5709,7371
5710,73741
5711,73795
5712,73837
5713,73923
5714,74026
5715,74056
5716,74093
5717,74106
5718,74175
5719,74185
5720,74286
5721,74328
5722,74356
5723,74413
5724,74453
5725,74493
5726,74630
5727,74665
5728,74687
5729,74689
5730,74691
5731,74743
5732,74758
5733,74833
5734,74849
5735,74911
5736,75013
5737,75028
5738,75081
5739,75089
5740,75096
5741,75119
5742,75149
5743,75330
5744,75429
5745,75485
5746,75491
5747,75551
5748,75591
5749,7569
5750,75701
5751,75762
5752,75777
5753,75787
5754,75809
5755,75819
5756,75860
5757,76001
5758,76019
5759,76102
5760,76105
5761,76151
5762,76168
5763,76173
5764,7620
5765,76218
5766,76223
5767,76351
5768,76352
5769,76482
5770,76483
5771,76499
5772,76530
5773,76532
5774,76576
5775,76626
5776,76710
5777,76741
5778,76803
5779,76812
5780,76815
5781,76818
5782,76888
5783,76942
5784,76976
5785,77039
5786,77052
5787,77181
5788,77261
5789,77270
5790,77273
5791,77307
5792,77359
5793,77383
5794,77480
5795,77491
5796,77499
5797,77517
5798,77585
5799,77724
5800,77772
5801,77809
5802,77816
5803,77860
5804,77868
5805,77940
5806,78007
5807,78015
5808,7809
5809,78229
5810,78328
5811,7841
5812,78440
5813,78448
5814,78471
5815,78496
5816,78545
5817,78553
5818,78564
5819,78573
5820,7860
5821,7864
5822,78719
5823,78778
5824,78783
5825,78834
5826,78841
5827,78846
5828,7887
5829,7890
5830,78901
5831,78973
5832,79009
5833,79089
5834,7913
5835,7915
5836,79182
5837,79186
5838,79215
5839,79266
5840,79285
5841,79366
5842,79441
5843,79556
5844,7958
5845,79724
5846,79736
5847,79740
5848,79747
5849,79754
5850,79923
5851,79942
5852,79958
5853,79961
5854,79977
5855,80036
5856,80071
5857,80105
5858,80135
5859,8019
5860,80203
5861,80234
5862,80266
5863,80323
5864,80453
5865,805
5866,80516
5867,80538
5868,80555
5869,80642
5870,8066
5871,80661
5872,8067
5873,80683
5874,80684
5875,80690
5876,80810
5877,80820
5878,80826
5879,80837
5880,8089
5881,80945
5882,80954
5883,80996
5884,81015
5885,81045
5886,81088
5887,81121
5888,81136
5889,81207
5890,81216
5891,81249
5892,81263
5893,81274
5894,81298
5895,81303
5896,81318
5897,81324
5898,81333
5899,81368
5900,81434
5901,81459
5902,81484
5903,81492
5904,81560
5905,81578
5906,81597
5907,81609
5908,81672
5909,81682
5910,81771
5911,81848
5912,81865
5913,8187
5914,8188
5915,81927
5916,81950
5917,81977
5918,82164
5919,8234
5920,82391
5921,82407
5922,8245
5923,82497
5924,82511
5925,8253
5926,8255
5927,82608
5928,82628
5929,82673
5930,82699
5931,82720
5932,82751
5933,82797
5934,82808
5935,82825
5936,82831
5937,8284
5938,82841
5939,82893
5940,82901
5941,82942
5942,82955
5943,82968
5944,83109
5945,83110
5946,83135
5947,83166
5948,8323
5949,83235
5950,83239
5951,83252
5952,83287
5953,83306
5954,83383
5955,83390
5956,83431
5957,83443
5958,83496
5959,83561
5960,8362
5961,83637
5962,83646
5963,83666
5964,83671
5965,83754
5966,83775
5967,83971
5968,84024
5969,84146
5970,84178
5971,84201
5972,84427
5973,84476
5974,84479
5975,84523
5976,8454
5977,84671
5978,84729
5979,84795
5980,84820
5981,8487
5982,84882
5983,84897
5984,84900
5985,84910
5986,85033
5987,85043
5988,85132
5989,85256
5990,8529
5991,85367
5992,85426
5993,85433
5994,85455
5995,85502
5996,85526
5997,85554
5998,85587
5999,85656
6000,8570
6001,85701
6002,85757
6003,85833
6004,85851
6005,85925
6006,85962
6007,85992
6008,85993
6009,86051
6010,86093
6011,86123
6012,86145
6013,86170
6014,86189
6015,86202
6016,86242
6017,86243
6018,86392
6019,86408
6020,86419
6021,86489
6022,86548
6023,86555
6024,86641
6025,86720
6026,8680
6027,8681
6028,86835
6029,86906
6030,86932
6031,8695
6032,86959
6033,86969
6034,87051
6035,87108
6036,87141
6037,87155
6038,87302
6039,8734
6040,87351
6041,87401
6042,87540
6043,87549
6044,87555
6045,87579
6046,87688
6047,87690
6048,87712
6049,8782
6050,87820
6051,87911
6052,87929
6053,87938
6054,87948
6055,87949
6056,87964
6057,87974
6058,8801
6059,88029
6060,88122
6061,88170
6062,88187
6063,882
6064,88229
6065,88248
6066,88283
6067,88288
6068,88330
6069,88389
6070,88412
6071,88416
6072,88435
6073,88574
6074,88605
6075,88620
6076,8864
6077,88652
6078,88677
6079,88693
6080,8870
6081,8872
6082,88733
6083,88738
6084,88793
6085,88937
6086,88993
6087,89014
6088,89057
6089,8930
6090,89307
6091,8935
6092,8936
6093,8937
6094,89391
6095,89507
6096,89551
6097,89602
6098,8971
6099,89851
6100,89852
6101,89867
6102,89874
6103,89913
6104,89945
6105,90049
6106,90075
6107,90137
6108,90174
6109,90176
6110,90198
6111,90232
6112,90322
6113,90391
6114,90417
6115,90467
6116,90517
6117,90614
6118,90616
6119,90653
6120,90657
6121,90743
6122,90776
6123,9094
6124,91002
6125,91017
6126,91058
6127,91103
6128,91113
6129,91119
6130,91130
6131,91165
6132,91184
6133,91203
6134,91263
6135,91342
6136,9139
6137,91428
6138,91449
6139,91491
6140,91631
6141,91634
6142,91647
6143,91685
6144,91761
6145,91832
6146,91875
6147,91931
6148,92132
6149,92152
6150,92156
6151,92184
6152,92215
6153,9226
6154,9227
6155,92278
6156,92316
6157,92398
6158,92405
6159,92498
6160,92524
6161,92547
6162,92648
6163,92652
6164,92658
6165,92674
6166,92693
6167,92696
6168,92804
6169,92810
6170,92853
6171,92861
6172,929
6173,92979
6174,93034
6175,93046
6176,93047
6177,93085
6178,93092
6179,93105
6180,93130
6181,93141
6182,93147
6183,93179
6184,93241
6185,93308
6186,93355
6187,93358
6188,93363
6189,93364
6190,93421
6191,93426
6192,9343
6193,93453
6194,93513
6195,93518
6196,9354
6197,93562
6198,93565
6199,93615
6200,93629
6201,93630
6202,93631
6203,93636
6204,93698
6205,93732
6206,93800
6207,9381
6208,93871
6209,93985
6210,94023
6211,94094
6212,9417
6213,94209
6214,94213
6215,94242
6216,94263
6217,94264
6218,94307
6219,94334
6220,94347
6221,94362
6222,94366
6223,94376
6224,94385
6225,94396
6226,94494
6227,94495
6228,94529
6229,9454
6230,94630
6231,94730
6232,94787
6233,94818
6234,94843
6235,94853
6236,94923
6237,94951
6238,94952
6239,94965
6240,94985
6241,94997
6242,95010
6243,95025
6244,95043
6245,95173
6246,95226
6247,95250
6248,95301
6249,95316
6250,95353
6251,95359
6252,95360
6253,95393
6254,95452
6255,95506
6256,95509
6257,95525
6258,95574
6259,9568
6260,9574
6261,95781
6262,95800
6263,95903
6264,95907
6265,95921
6266,95923
6267,95932
6268,95991
6269,96053
6270,96054
6271,96055
6272,9613
6273,96194
6274,96320
6275,96335
6276,96357
6277,96440
6278,96444
6279,96448
6280,96474
6281,96493
6282,96521
6283,96554
6284,96679
6285,96744
6286,96771
6287,96869
6288,96880
6289,96936
6290,96954
6291,96970
6292,96989
6293,97160
6294,97179
6295,97208
6296,97290
6297,97324
6298,97423
6299,9747
6300,97515
6301,97587
6302,97653
6303,97694
6304,97721
6305,97754
6306,97848
6307,97874
6308,98026
6309,98159
6310,98263
6311,98297
6312,98320
6313,98322
6314,98344
6315,98356
6316,98391
6317,98422
6318,98440
6319,98484
6320,98525
6321,98547
6322,9856
6323,98574
6324,98575
6325,98628
6326,98633
6327,98647
6328,98655
6329,98686
6330,98722
6331,98723
6332,98741
6333,98758
6334,98783
6335,98787
6336,98861
6337,98887
6338,98904
6339,98923
6340,98930
6341,98943
6342,98958
6343,98988
6344,99026
6345,99032
6346,99068
6347,9908
6348,99102
6349,99146
6350,99193
6351,99204
6352,99222
6353,99252
6354,99312
6355,99313
6356,99322
6357,99347
6358,99441
6359,99523
6360,99616
6361,99630
6362,99720
6363,99955
6364,99996
